<?xml version="1.0" encoding="UTF-8"?>
<ns8:ExportConfiguration xmlns="http://digev.com/uri/products/ManagementServer/xsd/1.0" xmlns:ns10="http://soa.com/uri/products/Policy/xsd/1.0" xmlns:ns11="http://soa.com/uri/products/Contracts/xsd/1.0" xmlns:ns12="http://soa.com/uri/products/IdentityAuthorization/xsd/1.0" xmlns:ns13="http://soa.com/uri/products/Organization/xsd/1.0" xmlns:ns14="http://digev.com/uri/products/AlertManager/xsd/1.0" xmlns:ns15="http://digev.com/uri/products/PolicyManager/xsd/1.0" xmlns:ns2="http://digev.com/uri/products/Types/xsd/1.0" xmlns:ns3="http://www.soa.com/uri/products/SLAPolicy/xsd/1.0" xmlns:ns4="urn:uddi-org:api_v3" xmlns:ns5="http://www.w3.org/2000/09/xmldsig#" xmlns:ns6="http://soa.com/uri/products/ServiceProperties/1.0" xmlns:ns7="http://soa.com/uri/products/ServiceEndpointProperties/1.0" xmlns:ns8="http://www.soa.com/uri/products/ServiceManagerMigration/xsd/1.0" xmlns:ns9="urn:uddi-org:sub_v3"><ns8:SourceOrganization><ns2:Key>uddi:soa.com:registryorganization</ns2:Key></ns8:SourceOrganization><ns8:ExportObjectConfiguration><ns2:OrganizationKey><ns2:Key>uddi:f8b4fe08-1b76-11e5-bfef-8d47dc53c00f</ns2:Key></ns2:OrganizationKey><ns8:ExportOrganization><ns13:Organization><ns13:OrganizationKey><ns2:Key>uddi:f8b4fe08-1b76-11e5-bfef-8d47dc53c00f</ns2:Key></ns13:OrganizationKey><ns13:ParentKey><ns2:Key>uddi:soa.com:registryorganization</ns2:Key></ns13:ParentKey><ns13:Name>FHIR_HL7</ns13:Name><ns13:Description></ns13:Description><ns13:OrganizationType>Project</ns13:OrganizationType></ns13:Organization><ns4:businessEntity businessKey="uddi:f8b4fe08-1b76-11e5-bfef-8d47dc53c00f"><ns4:name>FHIR_HL7</ns4:name><ns4:categoryBag><ns4:keyedReferenceGroup tModelKey="uddi:soa.com:organization:group"><ns4:keyedReference keyName="Organization type" keyValue="Project" tModelKey="uddi:soa.com:categorization:organizationtype"/></ns4:keyedReferenceGroup></ns4:categoryBag></ns4:businessEntity></ns8:ExportOrganization></ns8:ExportObjectConfiguration><ns8:ExportObjectConfiguration><ns2:BpelKey><ns2:Key>bpel:2bfb5985-1b7e-11e5-8da9-fc0839371580</ns2:Key></ns2:BpelKey><ns8:ExportBpel><ns8:BpelUri>bpels/bpel_2bfb5985-1b7e-11e5-8da9-fc0839371580.xml</ns8:BpelUri></ns8:ExportBpel></ns8:ExportObjectConfiguration><ns8:ExportObjectConfiguration><ns2:BpelKey><ns2:Key>bpel:2c20bbe6-1b7e-11e5-8da9-fc0839371580</ns2:Key></ns2:BpelKey><ns8:ExportBpel><ns8:BpelUri>bpels/bpel_2c20bbe6-1b7e-11e5-8da9-fc0839371580.xml</ns8:BpelUri></ns8:ExportBpel></ns8:ExportObjectConfiguration><ns8:ExportObjectConfiguration><ns2:BpelKey><ns2:Key>bpel:2c0cbead-1b7e-11e5-8da9-fc0839371580</ns2:Key></ns2:BpelKey><ns8:ExportBpel><ns8:BpelUri>bpels/bpel_2c0cbead-1b7e-11e5-8da9-fc0839371580.xml</ns8:BpelUri></ns8:ExportBpel></ns8:ExportObjectConfiguration><ns8:ExportObjectConfiguration><ns2:BpelKey><ns2:Key>bpel:2c2576d8-1b7e-11e5-8da9-fc0839371580</ns2:Key></ns2:BpelKey><ns8:ExportBpel><ns8:BpelUri>bpels/bpel_2c2576d8-1b7e-11e5-8da9-fc0839371580.xml</ns8:BpelUri></ns8:ExportBpel></ns8:ExportObjectConfiguration><ns8:ExportObjectConfiguration><ns2:BpelKey><ns2:Key>bpel:2c017408-1b7e-11e5-8da9-fc0839371580</ns2:Key></ns2:BpelKey><ns8:ExportBpel><ns8:BpelUri>bpels/bpel_2c017408-1b7e-11e5-8da9-fc0839371580.xml</ns8:BpelUri></ns8:ExportBpel></ns8:ExportObjectConfiguration><ns8:ExportObjectConfiguration><ns2:BpelKey><ns2:Key>bpel:2c1e9905-1b7e-11e5-8da9-fc0839371580</ns2:Key></ns2:BpelKey><ns8:ExportBpel><ns8:BpelUri>bpels/bpel_2c1e9905-1b7e-11e5-8da9-fc0839371580.xml</ns8:BpelUri></ns8:ExportBpel></ns8:ExportObjectConfiguration><ns8:ExportObjectConfiguration><ns2:BpelKey><ns2:Key>bpel:2c159851-1b7e-11e5-8da9-fc0839371580</ns2:Key></ns2:BpelKey><ns8:ExportBpel><ns8:BpelUri>bpels/bpel_2c159851-1b7e-11e5-8da9-fc0839371580.xml</ns8:BpelUri></ns8:ExportBpel></ns8:ExportObjectConfiguration><ns8:ExportObjectConfiguration><ns2:BpelKey><ns2:Key>bpel:2c2305d7-1b7e-11e5-8da9-fc0839371580</ns2:Key></ns2:BpelKey><ns8:ExportBpel><ns8:BpelUri>bpels/bpel_2c2305d7-1b7e-11e5-8da9-fc0839371580.xml</ns8:BpelUri></ns8:ExportBpel></ns8:ExportObjectConfiguration><ns8:ExportObjectConfiguration><ns2:BpelKey><ns2:Key>bpel:2c112b7f-1b7e-11e5-8da9-fc0839371580</ns2:Key></ns2:BpelKey><ns8:ExportBpel><ns8:BpelUri>bpels/bpel_2c112b7f-1b7e-11e5-8da9-fc0839371580.xml</ns8:BpelUri></ns8:ExportBpel></ns8:ExportObjectConfiguration><ns8:ExportObjectConfiguration><ns2:BpelKey><ns2:Key>bpel:2c0ee18e-1b7e-11e5-8da9-fc0839371580</ns2:Key></ns2:BpelKey><ns8:ExportBpel><ns8:BpelUri>bpels/bpel_2c0ee18e-1b7e-11e5-8da9-fc0839371580.xml</ns8:BpelUri></ns8:ExportBpel></ns8:ExportObjectConfiguration><ns8:ExportObjectConfiguration><ns2:BpelKey><ns2:Key>bpel:2c0607ea-1b7e-11e5-8da9-fc0839371580</ns2:Key></ns2:BpelKey><ns8:ExportBpel><ns8:BpelUri>bpels/bpel_2c0607ea-1b7e-11e5-8da9-fc0839371580.xml</ns8:BpelUri></ns8:ExportBpel></ns8:ExportObjectConfiguration><ns8:ExportObjectConfiguration><ns2:BpelKey><ns2:Key>bpel:2bff7837-1b7e-11e5-8da9-fc0839371580</ns2:Key></ns2:BpelKey><ns8:ExportBpel><ns8:BpelUri>bpels/bpel_2bff7837-1b7e-11e5-8da9-fc0839371580.xml</ns8:BpelUri></ns8:ExportBpel></ns8:ExportObjectConfiguration><ns8:ExportObjectConfiguration><ns2:BpelKey><ns2:Key>bpel:2bf90f94-1b7e-11e5-8da9-fc0839371580</ns2:Key></ns2:BpelKey><ns8:ExportBpel><ns8:BpelUri>bpels/bpel_2bf90f94-1b7e-11e5-8da9-fc0839371580.xml</ns8:BpelUri></ns8:ExportBpel></ns8:ExportObjectConfiguration><ns8:ExportObjectConfiguration><ns2:BpelKey><ns2:Key>bpel:2c180952-1b7e-11e5-8da9-fc0839371580</ns2:Key></ns2:BpelKey><ns8:ExportBpel><ns8:BpelUri>bpels/bpel_2c180952-1b7e-11e5-8da9-fc0839371580.xml</ns8:BpelUri></ns8:ExportBpel></ns8:ExportObjectConfiguration><ns8:ExportObjectConfiguration><ns2:BpelKey><ns2:Key>bpel:2c0851db-1b7e-11e5-8da9-fc0839371580</ns2:Key></ns2:BpelKey><ns8:ExportBpel><ns8:BpelUri>bpels/bpel_2c0851db-1b7e-11e5-8da9-fc0839371580.xml</ns8:BpelUri></ns8:ExportBpel></ns8:ExportObjectConfiguration><ns8:ExportObjectConfiguration><ns2:BpelKey><ns2:Key>bpel:2c1c7624-1b7e-11e5-8da9-fc0839371580</ns2:Key></ns2:BpelKey><ns8:ExportBpel><ns8:BpelUri>bpels/bpel_2c1c7624-1b7e-11e5-8da9-fc0839371580.xml</ns8:BpelUri></ns8:ExportBpel></ns8:ExportObjectConfiguration><ns8:ExportObjectConfiguration><ns2:BpelKey><ns2:Key>bpel:2bfd7c66-1b7e-11e5-8da9-fc0839371580</ns2:Key></ns2:BpelKey><ns8:ExportBpel><ns8:BpelUri>bpels/bpel_2bfd7c66-1b7e-11e5-8da9-fc0839371580.xml</ns8:BpelUri></ns8:ExportBpel></ns8:ExportObjectConfiguration><ns8:ExportObjectConfiguration><ns2:BpelKey><ns2:Key>bpel:2c137570-1b7e-11e5-8da9-fc0839371580</ns2:Key></ns2:BpelKey><ns8:ExportBpel><ns8:BpelUri>bpels/bpel_2c137570-1b7e-11e5-8da9-fc0839371580.xml</ns8:BpelUri></ns8:ExportBpel></ns8:ExportObjectConfiguration><ns8:ExportObjectConfiguration><ns2:BpelKey><ns2:Key>bpel:2bf5b433-1b7e-11e5-8da9-fc0839371580</ns2:Key></ns2:BpelKey><ns8:ExportBpel><ns8:BpelUri>bpels/bpel_2bf5b433-1b7e-11e5-8da9-fc0839371580.xml</ns8:BpelUri></ns8:ExportBpel></ns8:ExportObjectConfiguration><ns8:ExportObjectConfiguration><ns2:BpelKey><ns2:Key>bpel:2c03bdf9-1b7e-11e5-8da9-fc0839371580</ns2:Key></ns2:BpelKey><ns8:ExportBpel><ns8:BpelUri>bpels/bpel_2c03bdf9-1b7e-11e5-8da9-fc0839371580.xml</ns8:BpelUri></ns8:ExportBpel></ns8:ExportObjectConfiguration><ns8:ExportObjectConfiguration><ns2:BpelKey><ns2:Key>bpel:2c0a9bcc-1b7e-11e5-8da9-fc0839371580</ns2:Key></ns2:BpelKey><ns8:ExportBpel><ns8:BpelUri>bpels/bpel_2c0a9bcc-1b7e-11e5-8da9-fc0839371580.xml</ns8:BpelUri></ns8:ExportBpel></ns8:ExportObjectConfiguration><ns8:ExportObjectConfiguration><ns2:BpelKey><ns2:Key>bpel:2c1a2c33-1b7e-11e5-8da9-fc0839371580</ns2:Key></ns2:BpelKey><ns8:ExportBpel><ns8:BpelUri>bpels/bpel_2c1a2c33-1b7e-11e5-8da9-fc0839371580.xml</ns8:BpelUri></ns8:ExportBpel></ns8:ExportObjectConfiguration><ns8:ExportObjectConfiguration><ns2:InterfaceKey><ns2:Key>uddi:527071e3-2e9f-b8b4-ed6f-447b781e714e</ns2:Key><ns2:InterfaceQName>{http://fhirtest.uhn.ca/baseDstu2}FHIR_PortType</ns2:InterfaceQName></ns2:InterfaceKey><ns8:ExportInterface><ns4:tModel deleted="false" tModelKey="uddi:527071e3-2e9f-b8b4-ed6f-447b781e714e"><ns4:name>FHIR_PortType</ns4:name><ns4:categoryBag><ns4:keyedReference keyName="WSDL type" keyValue="portType" tModelKey="uddi:uddi.org:wsdl:types"/><ns4:keyedReference keyName="portType namespace" keyValue="http://fhirtest.uhn.ca/baseDstu2" tModelKey="uddi:uddi.org:xml:namespace"/></ns4:categoryBag></ns4:tModel><ns8:InterfaceWsdlUri>wsdls/uddi_527071e3-2e9f-b8b4-ed6f-447b781e714e.wsdl</ns8:InterfaceWsdlUri></ns8:ExportInterface></ns8:ExportObjectConfiguration><ns8:ExportObjectConfiguration><ns2:BindingKey><ns2:Key>uddi:6bcfc2b3-958b-fd27-dbfe-68bf1fced180</ns2:Key><ns2:BindingQName>{http://fhirtest.uhn.ca/baseDstu2}FHIR_Binding</ns2:BindingQName><ns2:BindingType>binding.http</ns2:BindingType></ns2:BindingKey><ns8:ExportBinding><ns4:tModel deleted="false" tModelKey="uddi:6bcfc2b3-958b-fd27-dbfe-68bf1fced180"><ns4:name>FHIR_Binding</ns4:name><ns4:categoryBag><ns4:keyedReference keyName="uddi-org:types" keyValue="wsdlSpec" tModelKey="uddi:uddi.org:categorization:types"/><ns4:keyedReference keyName="portType Reference" keyValue="uddi:527071e3-2e9f-b8b4-ed6f-447b781e714e" tModelKey="uddi:uddi.org:wsdl:porttypereference"/><ns4:keyedReference keyName="WSDL type" keyValue="binding" tModelKey="uddi:uddi.org:wsdl:types"/><ns4:keyedReference keyName="binding namespace" keyValue="http://fhirtest.uhn.ca/baseDstu2" tModelKey="uddi:uddi.org:xml:namespace"/></ns4:categoryBag></ns4:tModel><ns8:BindingWsdlUri>wsdls/uddi_6bcfc2b3-958b-fd27-dbfe-68bf1fced180.wsdl</ns8:BindingWsdlUri></ns8:ExportBinding></ns8:ExportObjectConfiguration><ns8:ExportObjectConfiguration><ns2:ServiceKey><ns2:Key>uddi:2bc79f05-1b7e-11e5-8da9-fc0839371580</ns2:Key><ns2:ServiceQName>{http://fhirtest.uhn.ca/baseDstu2}FHIR_vs0</ns2:ServiceQName></ns2:ServiceKey><ns8:ExportService><VirtualService BusinessKey="uddi:f8b4fe08-1b76-11e5-bfef-8d47dc53c00f" ServiceKey="uddi:2bc79f05-1b7e-11e5-8da9-fc0839371580" WsdlServiceLocalName="FHIR_vs0" WsdlTargetNamespaceUrl="http://fhirtest.uhn.ca/baseDstu2"><Name>FHIR_vs0</Name><Description></Description><Operations><LogicalOperation InterfaceName="{http://fhirtest.uhn.ca/baseDstu2}FHIR_PortType" ManagementState="Enabled" NextHopOperationKey="uddi:2b80aba6-1b7e-11e5-8da9-fc0839371580$$${http://fhirtest.uhn.ca/baseDstu2}FHIR_PortType$$$DELETE___type___id_" NextHopOperationName="DELETE /{type}/{id}" NextHopServiceKey="uddi:2b80aba6-1b7e-11e5-8da9-fc0839371580" NextHopServiceName="FHIR" NumOfVirtualizedOperations="0" OperationKey="2bdc3880-1b7e-11e5-8da9-fc0839371580" OperationLastUpdatedAt="2015-06-25T21:10:03Z" OperationName="DELETE /{type}/{id}" PolicyAvailable="true" ServiceKey="uddi:2bc79f05-1b7e-11e5-8da9-fc0839371580" WsdlOperationName="DELETE___type___id_"><NextHopOperation InterfaceName="{http://fhirtest.uhn.ca/baseDstu2}FHIR_PortType" OperationKey="2badae21-1b7e-11e5-8da9-fc0839371580" OperationLastUpdatedAt="2015-06-25T21:07:21Z" OperationName="DELETE /{type}/{id}" ServiceKey="uddi:2b80aba6-1b7e-11e5-8da9-fc0839371580" ServiceName="FHIR" WsdlOperationName="DELETE___type___id_"/></LogicalOperation><LogicalOperation InterfaceName="{http://fhirtest.uhn.ca/baseDstu2}FHIR_PortType" ManagementState="Enabled" NextHopOperationKey="uddi:2b80aba6-1b7e-11e5-8da9-fc0839371580$$${http://fhirtest.uhn.ca/baseDstu2}FHIR_PortType$$$GET__" NextHopOperationName="GET /" NextHopServiceKey="uddi:2b80aba6-1b7e-11e5-8da9-fc0839371580" NextHopServiceName="FHIR" NumOfVirtualizedOperations="0" OperationKey="2be22c1b-1b7e-11e5-8da9-fc0839371580" OperationLastUpdatedAt="2015-06-25T21:10:03Z" OperationName="GET /" PolicyAvailable="true" ServiceKey="uddi:2bc79f05-1b7e-11e5-8da9-fc0839371580" WsdlOperationName="GET__"><NextHopOperation InterfaceName="{http://fhirtest.uhn.ca/baseDstu2}FHIR_PortType" OperationKey="2bb3539c-1b7e-11e5-8da9-fc0839371580" OperationLastUpdatedAt="2015-06-25T21:07:21Z" OperationName="GET /" ServiceKey="uddi:2b80aba6-1b7e-11e5-8da9-fc0839371580" ServiceName="FHIR" WsdlOperationName="GET__"/></LogicalOperation><LogicalOperation InterfaceName="{http://fhirtest.uhn.ca/baseDstu2}FHIR_PortType" ManagementState="Enabled" NextHopOperationKey="uddi:2b80aba6-1b7e-11e5-8da9-fc0839371580$$${http://fhirtest.uhn.ca/baseDstu2}FHIR_PortType$$$GET__metadata" NextHopOperationName="GET /metadata" NextHopServiceKey="uddi:2b80aba6-1b7e-11e5-8da9-fc0839371580" NextHopServiceName="FHIR" NumOfVirtualizedOperations="0" OperationKey="2be0f392-1b7e-11e5-8da9-fc0839371580" OperationLastUpdatedAt="2015-06-25T21:10:03Z" OperationName="GET /metadata" PolicyAvailable="true" ServiceKey="uddi:2bc79f05-1b7e-11e5-8da9-fc0839371580" WsdlOperationName="GET__metadata"><NextHopOperation InterfaceName="{http://fhirtest.uhn.ca/baseDstu2}FHIR_PortType" OperationKey="2bb21b13-1b7e-11e5-8da9-fc0839371580" OperationLastUpdatedAt="2015-06-25T21:07:21Z" OperationName="GET /metadata" ServiceKey="uddi:2b80aba6-1b7e-11e5-8da9-fc0839371580" ServiceName="FHIR" WsdlOperationName="GET__metadata"/></LogicalOperation><LogicalOperation InterfaceName="{http://fhirtest.uhn.ca/baseDstu2}FHIR_PortType" ManagementState="Enabled" NextHopOperationKey="uddi:2b80aba6-1b7e-11e5-8da9-fc0839371580$$${http://fhirtest.uhn.ca/baseDstu2}FHIR_PortType$$$GET___history" NextHopOperationName="GET /_history" NextHopServiceKey="uddi:2b80aba6-1b7e-11e5-8da9-fc0839371580" NextHopServiceName="FHIR" NumOfVirtualizedOperations="0" OperationKey="2be141b4-1b7e-11e5-8da9-fc0839371580" OperationLastUpdatedAt="2015-06-25T21:10:03Z" OperationName="GET /_history" PolicyAvailable="true" ServiceKey="uddi:2bc79f05-1b7e-11e5-8da9-fc0839371580" WsdlOperationName="GET___history"><NextHopOperation InterfaceName="{http://fhirtest.uhn.ca/baseDstu2}FHIR_PortType" OperationKey="2bb24225-1b7e-11e5-8da9-fc0839371580" OperationLastUpdatedAt="2015-06-25T21:07:21Z" OperationName="GET /_history" ServiceKey="uddi:2b80aba6-1b7e-11e5-8da9-fc0839371580" ServiceName="FHIR" WsdlOperationName="GET___history"/></LogicalOperation><LogicalOperation InterfaceName="{http://fhirtest.uhn.ca/baseDstu2}FHIR_PortType" ManagementState="Enabled" NextHopOperationKey="uddi:2b80aba6-1b7e-11e5-8da9-fc0839371580$$${http://fhirtest.uhn.ca/baseDstu2}FHIR_PortType$$$GET___tags" NextHopOperationName="GET /_tags" NextHopServiceKey="uddi:2b80aba6-1b7e-11e5-8da9-fc0839371580" NextHopServiceName="FHIR" NumOfVirtualizedOperations="0" OperationKey="2be18fd6-1b7e-11e5-8da9-fc0839371580" OperationLastUpdatedAt="2015-06-25T21:10:03Z" OperationName="GET /_tags" PolicyAvailable="true" ServiceKey="uddi:2bc79f05-1b7e-11e5-8da9-fc0839371580" WsdlOperationName="GET___tags"><NextHopOperation InterfaceName="{http://fhirtest.uhn.ca/baseDstu2}FHIR_PortType" OperationKey="2bb2b757-1b7e-11e5-8da9-fc0839371580" OperationLastUpdatedAt="2015-06-25T21:07:21Z" OperationName="GET /_tags" ServiceKey="uddi:2b80aba6-1b7e-11e5-8da9-fc0839371580" ServiceName="FHIR" WsdlOperationName="GET___tags"/></LogicalOperation><LogicalOperation InterfaceName="{http://fhirtest.uhn.ca/baseDstu2}FHIR_PortType" ManagementState="Enabled" NextHopOperationKey="uddi:2b80aba6-1b7e-11e5-8da9-fc0839371580$$${http://fhirtest.uhn.ca/baseDstu2}FHIR_PortType$$$GET___type_" NextHopOperationName="GET /{type}" NextHopServiceKey="uddi:2b80aba6-1b7e-11e5-8da9-fc0839371580" NextHopServiceName="FHIR" NumOfVirtualizedOperations="0" OperationKey="2bdb4e19-1b7e-11e5-8da9-fc0839371580" OperationLastUpdatedAt="2015-06-25T21:10:03Z" OperationName="GET /{type}" PolicyAvailable="true" ServiceKey="uddi:2bc79f05-1b7e-11e5-8da9-fc0839371580" WsdlOperationName="GET___type_"><NextHopOperation InterfaceName="{http://fhirtest.uhn.ca/baseDstu2}FHIR_PortType" OperationKey="2bac287a-1b7e-11e5-8da9-fc0839371580" OperationLastUpdatedAt="2015-06-25T21:07:21Z" OperationName="GET /{type}" ServiceKey="uddi:2b80aba6-1b7e-11e5-8da9-fc0839371580" ServiceName="FHIR" WsdlOperationName="GET___type_"/></LogicalOperation><LogicalOperation InterfaceName="{http://fhirtest.uhn.ca/baseDstu2}FHIR_PortType" ManagementState="Enabled" NextHopOperationKey="uddi:2b80aba6-1b7e-11e5-8da9-fc0839371580$$${http://fhirtest.uhn.ca/baseDstu2}FHIR_PortType$$$GET___type___history" NextHopOperationName="GET /{type}/_history" NextHopServiceKey="uddi:2b80aba6-1b7e-11e5-8da9-fc0839371580" NextHopServiceName="FHIR" NumOfVirtualizedOperations="0" OperationKey="2be0574d-1b7e-11e5-8da9-fc0839371580" OperationLastUpdatedAt="2015-06-25T21:10:03Z" OperationName="GET /{type}/_history" PolicyAvailable="true" ServiceKey="uddi:2bc79f05-1b7e-11e5-8da9-fc0839371580" WsdlOperationName="GET___type___history"><NextHopOperation InterfaceName="{http://fhirtest.uhn.ca/baseDstu2}FHIR_PortType" OperationKey="2bb17ece-1b7e-11e5-8da9-fc0839371580" OperationLastUpdatedAt="2015-06-25T21:07:21Z" OperationName="GET /{type}/_history" ServiceKey="uddi:2b80aba6-1b7e-11e5-8da9-fc0839371580" ServiceName="FHIR" WsdlOperationName="GET___type___history"/></LogicalOperation><LogicalOperation InterfaceName="{http://fhirtest.uhn.ca/baseDstu2}FHIR_PortType" ManagementState="Enabled" NextHopOperationKey="uddi:2b80aba6-1b7e-11e5-8da9-fc0839371580$$${http://fhirtest.uhn.ca/baseDstu2}FHIR_PortType$$$GET___type___search" NextHopOperationName="GET /{type}/_search" NextHopServiceKey="uddi:2b80aba6-1b7e-11e5-8da9-fc0839371580" NextHopServiceName="FHIR" NumOfVirtualizedOperations="0" OperationKey="2bdfe21b-1b7e-11e5-8da9-fc0839371580" OperationLastUpdatedAt="2015-06-25T21:10:03Z" OperationName="GET /{type}/_search" PolicyAvailable="true" ServiceKey="uddi:2bc79f05-1b7e-11e5-8da9-fc0839371580" WsdlOperationName="GET___type___search"><NextHopOperation InterfaceName="{http://fhirtest.uhn.ca/baseDstu2}FHIR_PortType" OperationKey="2bb130ac-1b7e-11e5-8da9-fc0839371580" OperationLastUpdatedAt="2015-06-25T21:07:21Z" OperationName="GET /{type}/_search" ServiceKey="uddi:2b80aba6-1b7e-11e5-8da9-fc0839371580" ServiceName="FHIR" WsdlOperationName="GET___type___search"/></LogicalOperation><LogicalOperation InterfaceName="{http://fhirtest.uhn.ca/baseDstu2}FHIR_PortType" ManagementState="Enabled" NextHopOperationKey="uddi:2b80aba6-1b7e-11e5-8da9-fc0839371580$$${http://fhirtest.uhn.ca/baseDstu2}FHIR_PortType$$$GET___type___tags" NextHopOperationName="GET /{type}/_tags" NextHopServiceKey="uddi:2b80aba6-1b7e-11e5-8da9-fc0839371580" NextHopServiceName="FHIR" NumOfVirtualizedOperations="0" OperationKey="2bdf93f9-1b7e-11e5-8da9-fc0839371580" OperationLastUpdatedAt="2015-06-25T21:10:03Z" OperationName="GET /{type}/_tags" PolicyAvailable="true" ServiceKey="uddi:2bc79f05-1b7e-11e5-8da9-fc0839371580" WsdlOperationName="GET___type___tags"><NextHopOperation InterfaceName="{http://fhirtest.uhn.ca/baseDstu2}FHIR_PortType" OperationKey="2bb0bb7a-1b7e-11e5-8da9-fc0839371580" OperationLastUpdatedAt="2015-06-25T21:07:21Z" OperationName="GET /{type}/_tags" ServiceKey="uddi:2b80aba6-1b7e-11e5-8da9-fc0839371580" ServiceName="FHIR" WsdlOperationName="GET___type___tags"/></LogicalOperation><LogicalOperation InterfaceName="{http://fhirtest.uhn.ca/baseDstu2}FHIR_PortType" ManagementState="Enabled" NextHopOperationKey="uddi:2b80aba6-1b7e-11e5-8da9-fc0839371580$$${http://fhirtest.uhn.ca/baseDstu2}FHIR_PortType$$$GET___type___id_" NextHopOperationName="GET /{type}/{id}" NextHopServiceKey="uddi:2b80aba6-1b7e-11e5-8da9-fc0839371580" NextHopServiceName="FHIR" NumOfVirtualizedOperations="0" OperationKey="2bdbea5e-1b7e-11e5-8da9-fc0839371580" OperationLastUpdatedAt="2015-06-25T21:10:03Z" OperationName="GET /{type}/{id}" PolicyAvailable="true" ServiceKey="uddi:2bc79f05-1b7e-11e5-8da9-fc0839371580" WsdlOperationName="GET___type___id_"><NextHopOperation InterfaceName="{http://fhirtest.uhn.ca/baseDstu2}FHIR_PortType" OperationKey="2bad60ff-1b7e-11e5-8da9-fc0839371580" OperationLastUpdatedAt="2015-06-25T21:07:21Z" OperationName="GET /{type}/{id}" ServiceKey="uddi:2b80aba6-1b7e-11e5-8da9-fc0839371580" ServiceName="FHIR" WsdlOperationName="GET___type___id_"/></LogicalOperation><LogicalOperation InterfaceName="{http://fhirtest.uhn.ca/baseDstu2}FHIR_PortType" ManagementState="Enabled" NextHopOperationKey="uddi:2b80aba6-1b7e-11e5-8da9-fc0839371580$$${http://fhirtest.uhn.ca/baseDstu2}FHIR_PortType$$$GET___type___id___history" NextHopOperationName="GET /{type}/{id}/_history" NextHopServiceKey="uddi:2b80aba6-1b7e-11e5-8da9-fc0839371580" NextHopServiceName="FHIR" NumOfVirtualizedOperations="0" OperationKey="2bdde63d-1b7e-11e5-8da9-fc0839371580" OperationLastUpdatedAt="2015-06-25T21:10:03Z" OperationName="GET /{type}/{id}/_history" PolicyAvailable="true" ServiceKey="uddi:2bc79f05-1b7e-11e5-8da9-fc0839371580" WsdlOperationName="GET___type___id___history"><NextHopOperation InterfaceName="{http://fhirtest.uhn.ca/baseDstu2}FHIR_PortType" OperationKey="2baf34ce-1b7e-11e5-8da9-fc0839371580" OperationLastUpdatedAt="2015-06-25T21:07:21Z" OperationName="GET /{type}/{id}/_history" ServiceKey="uddi:2b80aba6-1b7e-11e5-8da9-fc0839371580" ServiceName="FHIR" WsdlOperationName="GET___type___id___history"/></LogicalOperation><LogicalOperation InterfaceName="{http://fhirtest.uhn.ca/baseDstu2}FHIR_PortType" ManagementState="Enabled" NextHopOperationKey="uddi:2b80aba6-1b7e-11e5-8da9-fc0839371580$$${http://fhirtest.uhn.ca/baseDstu2}FHIR_PortType$$$GET___type___id___history__vid_" NextHopOperationName="GET /{type}/{id}/_history/{vid}" NextHopServiceKey="uddi:2b80aba6-1b7e-11e5-8da9-fc0839371580" NextHopServiceName="FHIR" NumOfVirtualizedOperations="0" OperationKey="2bde345f-1b7e-11e5-8da9-fc0839371580" OperationLastUpdatedAt="2015-06-25T21:10:03Z" OperationName="GET /{type}/{id}/_history/{vid}" PolicyAvailable="true" ServiceKey="uddi:2bc79f05-1b7e-11e5-8da9-fc0839371580" WsdlOperationName="GET___type___id___history__vid_"><NextHopOperation InterfaceName="{http://fhirtest.uhn.ca/baseDstu2}FHIR_PortType" OperationKey="2baf82f0-1b7e-11e5-8da9-fc0839371580" OperationLastUpdatedAt="2015-06-25T21:07:21Z" OperationName="GET /{type}/{id}/_history/{vid}" ServiceKey="uddi:2b80aba6-1b7e-11e5-8da9-fc0839371580" ServiceName="FHIR" WsdlOperationName="GET___type___id___history__vid_"/></LogicalOperation><LogicalOperation InterfaceName="{http://fhirtest.uhn.ca/baseDstu2}FHIR_PortType" ManagementState="Enabled" NextHopOperationKey="uddi:2b80aba6-1b7e-11e5-8da9-fc0839371580$$${http://fhirtest.uhn.ca/baseDstu2}FHIR_PortType$$$GET___type___id___history__vid___tags" NextHopOperationName="GET /{type}/{id}/_history/{vid}/_tags" NextHopServiceKey="uddi:2b80aba6-1b7e-11e5-8da9-fc0839371580" NextHopServiceName="FHIR" NumOfVirtualizedOperations="0" OperationKey="2bde8281-1b7e-11e5-8da9-fc0839371580" OperationLastUpdatedAt="2015-06-25T21:10:03Z" OperationName="GET /{type}/{id}/_history/{vid}/_tags" PolicyAvailable="true" ServiceKey="uddi:2bc79f05-1b7e-11e5-8da9-fc0839371580" WsdlOperationName="GET___type___id___history__vid___tags"><NextHopOperation InterfaceName="{http://fhirtest.uhn.ca/baseDstu2}FHIR_PortType" OperationKey="2bafd112-1b7e-11e5-8da9-fc0839371580" OperationLastUpdatedAt="2015-06-25T21:07:21Z" OperationName="GET /{type}/{id}/_history/{vid}/_tags" ServiceKey="uddi:2b80aba6-1b7e-11e5-8da9-fc0839371580" ServiceName="FHIR" WsdlOperationName="GET___type___id___history__vid___tags"/></LogicalOperation><LogicalOperation InterfaceName="{http://fhirtest.uhn.ca/baseDstu2}FHIR_PortType" ManagementState="Enabled" NextHopOperationKey="uddi:2b80aba6-1b7e-11e5-8da9-fc0839371580$$${http://fhirtest.uhn.ca/baseDstu2}FHIR_PortType$$$GET___type___id___tags" NextHopOperationName="GET /{type}/{id}/_tags" NextHopServiceKey="uddi:2b80aba6-1b7e-11e5-8da9-fc0839371580" NextHopServiceName="FHIR" NumOfVirtualizedOperations="0" OperationKey="2bdcd4c5-1b7e-11e5-8da9-fc0839371580" OperationLastUpdatedAt="2015-06-25T21:10:03Z" OperationName="GET /{type}/{id}/_tags" PolicyAvailable="true" ServiceKey="uddi:2bc79f05-1b7e-11e5-8da9-fc0839371580" WsdlOperationName="GET___type___id___tags"><NextHopOperation InterfaceName="{http://fhirtest.uhn.ca/baseDstu2}FHIR_PortType" OperationKey="2bae4a66-1b7e-11e5-8da9-fc0839371580" OperationLastUpdatedAt="2015-06-25T21:07:21Z" OperationName="GET /{type}/{id}/_tags" ServiceKey="uddi:2b80aba6-1b7e-11e5-8da9-fc0839371580" ServiceName="FHIR" WsdlOperationName="GET___type___id___tags"/></LogicalOperation><LogicalOperation InterfaceName="{http://fhirtest.uhn.ca/baseDstu2}FHIR_PortType" ManagementState="Enabled" NextHopOperationKey="uddi:2b80aba6-1b7e-11e5-8da9-fc0839371580$$${http://fhirtest.uhn.ca/baseDstu2}FHIR_PortType$$$POST__" NextHopOperationName="POST /" NextHopServiceKey="uddi:2b80aba6-1b7e-11e5-8da9-fc0839371580" NextHopServiceName="FHIR" NumOfVirtualizedOperations="0" OperationKey="2be1ddf8-1b7e-11e5-8da9-fc0839371580" OperationLastUpdatedAt="2015-06-25T21:10:03Z" OperationName="POST /" PolicyAvailable="true" ServiceKey="uddi:2bc79f05-1b7e-11e5-8da9-fc0839371580" WsdlOperationName="POST__"><NextHopOperation InterfaceName="{http://fhirtest.uhn.ca/baseDstu2}FHIR_PortType" OperationKey="2bb2de69-1b7e-11e5-8da9-fc0839371580" OperationLastUpdatedAt="2015-06-25T21:07:21Z" OperationName="POST /" ServiceKey="uddi:2b80aba6-1b7e-11e5-8da9-fc0839371580" ServiceName="FHIR" WsdlOperationName="POST__"/></LogicalOperation><LogicalOperation InterfaceName="{http://fhirtest.uhn.ca/baseDstu2}FHIR_PortType" ManagementState="Enabled" NextHopOperationKey="uddi:2b80aba6-1b7e-11e5-8da9-fc0839371580$$${http://fhirtest.uhn.ca/baseDstu2}FHIR_PortType$$$POST___type_" NextHopOperationName="POST /{type}" NextHopServiceKey="uddi:2b80aba6-1b7e-11e5-8da9-fc0839371580" NextHopServiceName="FHIR" NumOfVirtualizedOperations="0" OperationKey="2bdb9c3b-1b7e-11e5-8da9-fc0839371580" OperationLastUpdatedAt="2015-06-25T21:10:03Z" OperationName="POST /{type}" PolicyAvailable="true" ServiceKey="uddi:2bc79f05-1b7e-11e5-8da9-fc0839371580" WsdlOperationName="POST___type_"><NextHopOperation InterfaceName="{http://fhirtest.uhn.ca/baseDstu2}FHIR_PortType" OperationKey="2bad12dc-1b7e-11e5-8da9-fc0839371580" OperationLastUpdatedAt="2015-06-25T21:07:21Z" OperationName="POST /{type}" ServiceKey="uddi:2b80aba6-1b7e-11e5-8da9-fc0839371580" ServiceName="FHIR" WsdlOperationName="POST___type_"/></LogicalOperation><LogicalOperation InterfaceName="{http://fhirtest.uhn.ca/baseDstu2}FHIR_PortType" ManagementState="Enabled" NextHopOperationKey="uddi:2b80aba6-1b7e-11e5-8da9-fc0839371580$$${http://fhirtest.uhn.ca/baseDstu2}FHIR_PortType$$$POST___type___validate__id_" NextHopOperationName="POST /{type}/_validate/{id}" NextHopServiceKey="uddi:2b80aba6-1b7e-11e5-8da9-fc0839371580" NextHopServiceName="FHIR" NumOfVirtualizedOperations="0" OperationKey="2be0a56f-1b7e-11e5-8da9-fc0839371580" OperationLastUpdatedAt="2015-06-25T21:10:03Z" OperationName="POST /{type}/_validate/{id}" PolicyAvailable="true" ServiceKey="uddi:2bc79f05-1b7e-11e5-8da9-fc0839371580" WsdlOperationName="POST___type___validate__id_"><NextHopOperation InterfaceName="{http://fhirtest.uhn.ca/baseDstu2}FHIR_PortType" OperationKey="2bb1a5e0-1b7e-11e5-8da9-fc0839371580" OperationLastUpdatedAt="2015-06-25T21:07:21Z" OperationName="POST /{type}/_validate/{id}" ServiceKey="uddi:2b80aba6-1b7e-11e5-8da9-fc0839371580" ServiceName="FHIR" WsdlOperationName="POST___type___validate__id_"/></LogicalOperation><LogicalOperation InterfaceName="{http://fhirtest.uhn.ca/baseDstu2}FHIR_PortType" ManagementState="Enabled" NextHopOperationKey="uddi:2b80aba6-1b7e-11e5-8da9-fc0839371580$$${http://fhirtest.uhn.ca/baseDstu2}FHIR_PortType$$$POST___type___id___history__vid___tags" NextHopOperationName="POST /{type}/{id}/_history/{vid}/_tags" NextHopServiceKey="uddi:2b80aba6-1b7e-11e5-8da9-fc0839371580" NextHopServiceName="FHIR" NumOfVirtualizedOperations="0" OperationKey="2bdef7b3-1b7e-11e5-8da9-fc0839371580" OperationLastUpdatedAt="2015-06-25T21:10:03Z" OperationName="POST /{type}/{id}/_history/{vid}/_tags" PolicyAvailable="true" ServiceKey="uddi:2bc79f05-1b7e-11e5-8da9-fc0839371580" WsdlOperationName="POST___type___id___history__vid___tags"><NextHopOperation InterfaceName="{http://fhirtest.uhn.ca/baseDstu2}FHIR_PortType" OperationKey="2bb01f34-1b7e-11e5-8da9-fc0839371580" OperationLastUpdatedAt="2015-06-25T21:07:21Z" OperationName="POST /{type}/{id}/_history/{vid}/_tags" ServiceKey="uddi:2b80aba6-1b7e-11e5-8da9-fc0839371580" ServiceName="FHIR" WsdlOperationName="POST___type___id___history__vid___tags"/></LogicalOperation><LogicalOperation InterfaceName="{http://fhirtest.uhn.ca/baseDstu2}FHIR_PortType" ManagementState="Enabled" NextHopOperationKey="uddi:2b80aba6-1b7e-11e5-8da9-fc0839371580$$${http://fhirtest.uhn.ca/baseDstu2}FHIR_PortType$$$POST___type___id___history__vid___tags__delete" NextHopOperationName="POST /{type}/{id}/_history/{vid}/_tags/_delete" NextHopServiceKey="uddi:2b80aba6-1b7e-11e5-8da9-fc0839371580" NextHopServiceName="FHIR" NumOfVirtualizedOperations="0" OperationKey="2bdf45d6-1b7e-11e5-8da9-fc0839371580" OperationLastUpdatedAt="2015-06-25T21:10:03Z" OperationName="POST /{type}/{id}/_history/{vid}/_tags/_delete" PolicyAvailable="true" ServiceKey="uddi:2bc79f05-1b7e-11e5-8da9-fc0839371580" WsdlOperationName="POST___type___id___history__vid___tags__delete"><NextHopOperation InterfaceName="{http://fhirtest.uhn.ca/baseDstu2}FHIR_PortType" OperationKey="2bb06d57-1b7e-11e5-8da9-fc0839371580" OperationLastUpdatedAt="2015-06-25T21:07:21Z" OperationName="POST /{type}/{id}/_history/{vid}/_tags/_delete" ServiceKey="uddi:2b80aba6-1b7e-11e5-8da9-fc0839371580" ServiceName="FHIR" WsdlOperationName="POST___type___id___history__vid___tags__delete"/></LogicalOperation><LogicalOperation InterfaceName="{http://fhirtest.uhn.ca/baseDstu2}FHIR_PortType" ManagementState="Enabled" NextHopOperationKey="uddi:2b80aba6-1b7e-11e5-8da9-fc0839371580$$${http://fhirtest.uhn.ca/baseDstu2}FHIR_PortType$$$POST___type___id___tags" NextHopOperationName="POST /{type}/{id}/_tags" NextHopServiceKey="uddi:2b80aba6-1b7e-11e5-8da9-fc0839371580" NextHopServiceName="FHIR" NumOfVirtualizedOperations="0" OperationKey="2bdd22e7-1b7e-11e5-8da9-fc0839371580" OperationLastUpdatedAt="2015-06-25T21:10:03Z" OperationName="POST /{type}/{id}/_tags" PolicyAvailable="true" ServiceKey="uddi:2bc79f05-1b7e-11e5-8da9-fc0839371580" WsdlOperationName="POST___type___id___tags"><NextHopOperation InterfaceName="{http://fhirtest.uhn.ca/baseDstu2}FHIR_PortType" OperationKey="2bae9888-1b7e-11e5-8da9-fc0839371580" OperationLastUpdatedAt="2015-06-25T21:07:21Z" OperationName="POST /{type}/{id}/_tags" ServiceKey="uddi:2b80aba6-1b7e-11e5-8da9-fc0839371580" ServiceName="FHIR" WsdlOperationName="POST___type___id___tags"/></LogicalOperation><LogicalOperation InterfaceName="{http://fhirtest.uhn.ca/baseDstu2}FHIR_PortType" ManagementState="Enabled" NextHopOperationKey="uddi:2b80aba6-1b7e-11e5-8da9-fc0839371580$$${http://fhirtest.uhn.ca/baseDstu2}FHIR_PortType$$$POST___type___id___tags__delete" NextHopOperationName="POST /{type}/{id}/_tags/_delete" NextHopServiceKey="uddi:2b80aba6-1b7e-11e5-8da9-fc0839371580" NextHopServiceName="FHIR" NumOfVirtualizedOperations="0" OperationKey="2bdd981a-1b7e-11e5-8da9-fc0839371580" OperationLastUpdatedAt="2015-06-25T21:10:03Z" OperationName="POST /{type}/{id}/_tags/_delete" PolicyAvailable="true" ServiceKey="uddi:2bc79f05-1b7e-11e5-8da9-fc0839371580" WsdlOperationName="POST___type___id___tags__delete"><NextHopOperation InterfaceName="{http://fhirtest.uhn.ca/baseDstu2}FHIR_PortType" OperationKey="2baee6ab-1b7e-11e5-8da9-fc0839371580" OperationLastUpdatedAt="2015-06-25T21:07:21Z" OperationName="POST /{type}/{id}/_tags/_delete" ServiceKey="uddi:2b80aba6-1b7e-11e5-8da9-fc0839371580" ServiceName="FHIR" WsdlOperationName="POST___type___id___tags__delete"/></LogicalOperation><LogicalOperation InterfaceName="{http://fhirtest.uhn.ca/baseDstu2}FHIR_PortType" ManagementState="Enabled" NextHopOperationKey="uddi:2b80aba6-1b7e-11e5-8da9-fc0839371580$$${http://fhirtest.uhn.ca/baseDstu2}FHIR_PortType$$$PUT___type___id_" NextHopOperationName="PUT /{type}/{id}" NextHopServiceKey="uddi:2b80aba6-1b7e-11e5-8da9-fc0839371580" NextHopServiceName="FHIR" NumOfVirtualizedOperations="0" OperationKey="2bdc86a2-1b7e-11e5-8da9-fc0839371580" OperationLastUpdatedAt="2015-06-25T21:10:03Z" OperationName="PUT /{type}/{id}" PolicyAvailable="true" ServiceKey="uddi:2bc79f05-1b7e-11e5-8da9-fc0839371580" WsdlOperationName="PUT___type___id_"><NextHopOperation InterfaceName="{http://fhirtest.uhn.ca/baseDstu2}FHIR_PortType" OperationKey="2badfc43-1b7e-11e5-8da9-fc0839371580" OperationLastUpdatedAt="2015-06-25T21:07:21Z" OperationName="PUT /{type}/{id}" ServiceKey="uddi:2b80aba6-1b7e-11e5-8da9-fc0839371580" ServiceName="FHIR" WsdlOperationName="PUT___type___id_"/></LogicalOperation></Operations></VirtualService><ns4:businessService businessKey="uddi:f8b4fe08-1b76-11e5-bfef-8d47dc53c00f" serviceKey="uddi:2bc79f05-1b7e-11e5-8da9-fc0839371580"><ns4:name>FHIR_vs0</ns4:name><ns4:bindingTemplates><ns4:bindingTemplate bindingKey="uddi:2c581f99-1b7e-11e5-8da9-fc0839371580" serviceKey="uddi:2bc79f05-1b7e-11e5-8da9-fc0839371580"><ns4:accessPoint useType="endPoint">http://localhost:9991/fhir/v1</ns4:accessPoint><ns4:tModelInstanceDetails><ns4:tModelInstanceInfo tModelKey="uddi:6bcfc2b3-958b-fd27-dbfe-68bf1fced180"><ns4:description>The wsdl:binding that this wsdl:port implements. The instanceParms specifies the port local name.</ns4:description><ns4:instanceDetails><ns4:instanceParms>HTTP</ns4:instanceParms></ns4:instanceDetails></ns4:tModelInstanceInfo><ns4:tModelInstanceInfo tModelKey="uddi:527071e3-2e9f-b8b4-ed6f-447b781e714e"><ns4:description>The wsdl:portType that this wsdl:port implements.</ns4:description></ns4:tModelInstanceInfo></ns4:tModelInstanceDetails><ns4:categoryBag><ns4:keyedReference keyName="WSDL type" keyValue="port" tModelKey="uddi:uddi.org:wsdl:types"/><ns4:keyedReferenceGroup tModelKey="uddi:soa.com:serviceendpoint:group"><ns4:keyedReference keyName="containerKey" keyValue="ND-Cluster" tModelKey="uddi:soa.com:serviceendpoint:containername"/><ns4:keyedReference keyName="listenerName" keyValue="default-http" tModelKey="uddi:soa.com:serviceendpoint:listenername"/></ns4:keyedReferenceGroup></ns4:categoryBag></ns4:bindingTemplate><ns4:bindingTemplate bindingKey="uddi:2c5adeba-1b7e-11e5-8da9-fc0839371580" serviceKey="uddi:2bc79f05-1b7e-11e5-8da9-fc0839371580"><ns4:accessPoint useType="endPoint">https://localhost:9981/fhir/v1</ns4:accessPoint><ns4:tModelInstanceDetails><ns4:tModelInstanceInfo tModelKey="uddi:6bcfc2b3-958b-fd27-dbfe-68bf1fced180"><ns4:description>The wsdl:binding that this wsdl:port implements. The instanceParms specifies the port local name.</ns4:description><ns4:instanceDetails><ns4:instanceParms>HTTP1</ns4:instanceParms></ns4:instanceDetails></ns4:tModelInstanceInfo><ns4:tModelInstanceInfo tModelKey="uddi:527071e3-2e9f-b8b4-ed6f-447b781e714e"><ns4:description>The wsdl:portType that this wsdl:port implements.</ns4:description></ns4:tModelInstanceInfo></ns4:tModelInstanceDetails><ns4:categoryBag><ns4:keyedReference keyName="WSDL type" keyValue="port" tModelKey="uddi:uddi.org:wsdl:types"/><ns4:keyedReferenceGroup tModelKey="uddi:soa.com:serviceendpoint:group"><ns4:keyedReference keyName="containerKey" keyValue="ND-Cluster" tModelKey="uddi:soa.com:serviceendpoint:containername"/><ns4:keyedReference keyName="listenerName" keyValue="default-https" tModelKey="uddi:soa.com:serviceendpoint:listenername"/></ns4:keyedReferenceGroup></ns4:categoryBag></ns4:bindingTemplate></ns4:bindingTemplates><ns4:categoryBag><ns4:keyedReference keyName="Managed Service" keyValue="Managed Service" tModelKey="uddi:digev.com:categorization:services"/><ns4:keyedReference keyName="Virtual Service" keyValue="Virtual Service" tModelKey="uddi:digev.com:categorization:services"/><ns4:keyedReference keyName="Design" keyValue="Design" tModelKey="uddi:soa.com:servicelifecyclestage"/><ns4:keyedReference keyName="WSDL type" keyValue="service" tModelKey="uddi:uddi.org:wsdl:types"/><ns4:keyedReference keyName="service local name" keyValue="FHIR_vs0" tModelKey="uddi:uddi.org:xml:localname"/><ns4:keyedReference keyName="service namespace" keyValue="http://fhirtest.uhn.ca/baseDstu2" tModelKey="uddi:uddi.org:xml:namespace"/></ns4:categoryBag></ns4:businessService><ns8:ExportServiceEndpoint><ns7:ServiceEndpoint><ns7:ServiceKey>uddi:2bc79f05-1b7e-11e5-8da9-fc0839371580</ns7:ServiceKey><ns7:Name>uddi:2c581f99-1b7e-11e5-8da9-fc0839371580</ns7:Name><ns7:Url>http://localhost:9991/fhir/v1</ns7:Url><ns7:BindingQName>{http://fhirtest.uhn.ca/baseDstu2}FHIR_Binding</ns7:BindingQName><ns7:PortName>HTTP</ns7:PortName><ns7:Protocol>http</ns7:Protocol><ns7:ContainerKey>ND-Cluster</ns7:ContainerKey><ns7:ListenerName>default-http</ns7:ListenerName></ns7:ServiceEndpoint><ns8:EndpointWsdlUri>wsdls/uddi_2c581f99-1b7e-11e5-8da9-fc0839371580.wsdl</ns8:EndpointWsdlUri></ns8:ExportServiceEndpoint><ns8:ExportServiceEndpoint><ns7:ServiceEndpoint><ns7:ServiceKey>uddi:2bc79f05-1b7e-11e5-8da9-fc0839371580</ns7:ServiceKey><ns7:Name>uddi:2c5adeba-1b7e-11e5-8da9-fc0839371580</ns7:Name><ns7:Url>https://localhost:9981/fhir/v1</ns7:Url><ns7:BindingQName>{http://fhirtest.uhn.ca/baseDstu2}FHIR_Binding</ns7:BindingQName><ns7:PortName>HTTP1</ns7:PortName><ns7:Protocol>https</ns7:Protocol><ns7:ContainerKey>ND-Cluster</ns7:ContainerKey><ns7:ListenerName>default-https</ns7:ListenerName></ns7:ServiceEndpoint><ns8:EndpointWsdlUri>wsdls/uddi_2c5adeba-1b7e-11e5-8da9-fc0839371580.wsdl</ns8:EndpointWsdlUri></ns8:ExportServiceEndpoint><ns8:BpelUri>services/uddi_2bc79f05-1b7e-11e5-8da9-fc0839371580/bpel.xml</ns8:BpelUri><ns8:ManagementUri>services/uddi_2bc79f05-1b7e-11e5-8da9-fc0839371580/management.xml</ns8:ManagementUri></ns8:ExportService></ns8:ExportObjectConfiguration><ns8:ExportObjectConfiguration><ns2:ServiceKey><ns2:Key>uddi:2b80aba6-1b7e-11e5-8da9-fc0839371580</ns2:Key><ns2:ServiceQName>{http://fhirtest.uhn.ca/baseDstu2}FHIR</ns2:ServiceQName></ns2:ServiceKey><ns8:ExportService><PhysicalService BusinessKey="uddi:f8b4fe08-1b76-11e5-bfef-8d47dc53c00f" Discovered="false" ServiceKey="uddi:2b80aba6-1b7e-11e5-8da9-fc0839371580" WsdlServiceLocalName="FHIR" WsdlTargetNamespaceUrl="http://fhirtest.uhn.ca/baseDstu2"><Name>FHIR</Name><Description></Description><Operations><Operation InterfaceName="{http://fhirtest.uhn.ca/baseDstu2}FHIR_PortType" ManagementState="Enabled" NumOfVirtualizedOperations="1" OperationKey="2badae21-1b7e-11e5-8da9-fc0839371580" OperationLastUpdatedAt="2015-06-25T21:07:21Z" OperationName="DELETE /{type}/{id}" PolicyAvailable="true" ServiceKey="uddi:2b80aba6-1b7e-11e5-8da9-fc0839371580" WsdlOperationName="DELETE___type___id_"/><Operation InterfaceName="{http://fhirtest.uhn.ca/baseDstu2}FHIR_PortType" ManagementState="Enabled" NumOfVirtualizedOperations="1" OperationKey="2bb3539c-1b7e-11e5-8da9-fc0839371580" OperationLastUpdatedAt="2015-06-25T21:07:21Z" OperationName="GET /" PolicyAvailable="true" ServiceKey="uddi:2b80aba6-1b7e-11e5-8da9-fc0839371580" WsdlOperationName="GET__"/><Operation InterfaceName="{http://fhirtest.uhn.ca/baseDstu2}FHIR_PortType" ManagementState="Enabled" NumOfVirtualizedOperations="1" OperationKey="2bb21b13-1b7e-11e5-8da9-fc0839371580" OperationLastUpdatedAt="2015-06-25T21:07:21Z" OperationName="GET /metadata" PolicyAvailable="true" ServiceKey="uddi:2b80aba6-1b7e-11e5-8da9-fc0839371580" WsdlOperationName="GET__metadata"/><Operation InterfaceName="{http://fhirtest.uhn.ca/baseDstu2}FHIR_PortType" ManagementState="Enabled" NumOfVirtualizedOperations="1" OperationKey="2bb24225-1b7e-11e5-8da9-fc0839371580" OperationLastUpdatedAt="2015-06-25T21:07:21Z" OperationName="GET /_history" PolicyAvailable="true" ServiceKey="uddi:2b80aba6-1b7e-11e5-8da9-fc0839371580" WsdlOperationName="GET___history"/><Operation InterfaceName="{http://fhirtest.uhn.ca/baseDstu2}FHIR_PortType" ManagementState="Enabled" NumOfVirtualizedOperations="1" OperationKey="2bb2b757-1b7e-11e5-8da9-fc0839371580" OperationLastUpdatedAt="2015-06-25T21:07:21Z" OperationName="GET /_tags" PolicyAvailable="true" ServiceKey="uddi:2b80aba6-1b7e-11e5-8da9-fc0839371580" WsdlOperationName="GET___tags"/><Operation InterfaceName="{http://fhirtest.uhn.ca/baseDstu2}FHIR_PortType" ManagementState="Enabled" NumOfVirtualizedOperations="1" OperationKey="2bac287a-1b7e-11e5-8da9-fc0839371580" OperationLastUpdatedAt="2015-06-25T21:07:21Z" OperationName="GET /{type}" PolicyAvailable="true" ServiceKey="uddi:2b80aba6-1b7e-11e5-8da9-fc0839371580" WsdlOperationName="GET___type_"/><Operation InterfaceName="{http://fhirtest.uhn.ca/baseDstu2}FHIR_PortType" ManagementState="Enabled" NumOfVirtualizedOperations="1" OperationKey="2bb17ece-1b7e-11e5-8da9-fc0839371580" OperationLastUpdatedAt="2015-06-25T21:07:21Z" OperationName="GET /{type}/_history" PolicyAvailable="true" ServiceKey="uddi:2b80aba6-1b7e-11e5-8da9-fc0839371580" WsdlOperationName="GET___type___history"/><Operation InterfaceName="{http://fhirtest.uhn.ca/baseDstu2}FHIR_PortType" ManagementState="Enabled" NumOfVirtualizedOperations="1" OperationKey="2bb130ac-1b7e-11e5-8da9-fc0839371580" OperationLastUpdatedAt="2015-06-25T21:07:21Z" OperationName="GET /{type}/_search" PolicyAvailable="true" ServiceKey="uddi:2b80aba6-1b7e-11e5-8da9-fc0839371580" WsdlOperationName="GET___type___search"/><Operation InterfaceName="{http://fhirtest.uhn.ca/baseDstu2}FHIR_PortType" ManagementState="Enabled" NumOfVirtualizedOperations="1" OperationKey="2bb0bb7a-1b7e-11e5-8da9-fc0839371580" OperationLastUpdatedAt="2015-06-25T21:07:21Z" OperationName="GET /{type}/_tags" PolicyAvailable="true" ServiceKey="uddi:2b80aba6-1b7e-11e5-8da9-fc0839371580" WsdlOperationName="GET___type___tags"/><Operation InterfaceName="{http://fhirtest.uhn.ca/baseDstu2}FHIR_PortType" ManagementState="Enabled" NumOfVirtualizedOperations="1" OperationKey="2bad60ff-1b7e-11e5-8da9-fc0839371580" OperationLastUpdatedAt="2015-06-25T21:07:21Z" OperationName="GET /{type}/{id}" PolicyAvailable="true" ServiceKey="uddi:2b80aba6-1b7e-11e5-8da9-fc0839371580" WsdlOperationName="GET___type___id_"/><Operation InterfaceName="{http://fhirtest.uhn.ca/baseDstu2}FHIR_PortType" ManagementState="Enabled" NumOfVirtualizedOperations="1" OperationKey="2baf34ce-1b7e-11e5-8da9-fc0839371580" OperationLastUpdatedAt="2015-06-25T21:07:21Z" OperationName="GET /{type}/{id}/_history" PolicyAvailable="true" ServiceKey="uddi:2b80aba6-1b7e-11e5-8da9-fc0839371580" WsdlOperationName="GET___type___id___history"/><Operation InterfaceName="{http://fhirtest.uhn.ca/baseDstu2}FHIR_PortType" ManagementState="Enabled" NumOfVirtualizedOperations="1" OperationKey="2baf82f0-1b7e-11e5-8da9-fc0839371580" OperationLastUpdatedAt="2015-06-25T21:07:21Z" OperationName="GET /{type}/{id}/_history/{vid}" PolicyAvailable="true" ServiceKey="uddi:2b80aba6-1b7e-11e5-8da9-fc0839371580" WsdlOperationName="GET___type___id___history__vid_"/><Operation InterfaceName="{http://fhirtest.uhn.ca/baseDstu2}FHIR_PortType" ManagementState="Enabled" NumOfVirtualizedOperations="1" OperationKey="2bafd112-1b7e-11e5-8da9-fc0839371580" OperationLastUpdatedAt="2015-06-25T21:07:21Z" OperationName="GET /{type}/{id}/_history/{vid}/_tags" PolicyAvailable="true" ServiceKey="uddi:2b80aba6-1b7e-11e5-8da9-fc0839371580" WsdlOperationName="GET___type___id___history__vid___tags"/><Operation InterfaceName="{http://fhirtest.uhn.ca/baseDstu2}FHIR_PortType" ManagementState="Enabled" NumOfVirtualizedOperations="1" OperationKey="2bae4a66-1b7e-11e5-8da9-fc0839371580" OperationLastUpdatedAt="2015-06-25T21:07:21Z" OperationName="GET /{type}/{id}/_tags" PolicyAvailable="true" ServiceKey="uddi:2b80aba6-1b7e-11e5-8da9-fc0839371580" WsdlOperationName="GET___type___id___tags"/><Operation InterfaceName="{http://fhirtest.uhn.ca/baseDstu2}FHIR_PortType" ManagementState="Enabled" NumOfVirtualizedOperations="1" OperationKey="2bb2de69-1b7e-11e5-8da9-fc0839371580" OperationLastUpdatedAt="2015-06-25T21:07:21Z" OperationName="POST /" PolicyAvailable="true" ServiceKey="uddi:2b80aba6-1b7e-11e5-8da9-fc0839371580" WsdlOperationName="POST__"/><Operation InterfaceName="{http://fhirtest.uhn.ca/baseDstu2}FHIR_PortType" ManagementState="Enabled" NumOfVirtualizedOperations="1" OperationKey="2bad12dc-1b7e-11e5-8da9-fc0839371580" OperationLastUpdatedAt="2015-06-25T21:07:21Z" OperationName="POST /{type}" PolicyAvailable="true" ServiceKey="uddi:2b80aba6-1b7e-11e5-8da9-fc0839371580" WsdlOperationName="POST___type_"/><Operation InterfaceName="{http://fhirtest.uhn.ca/baseDstu2}FHIR_PortType" ManagementState="Enabled" NumOfVirtualizedOperations="1" OperationKey="2bb1a5e0-1b7e-11e5-8da9-fc0839371580" OperationLastUpdatedAt="2015-06-25T21:07:21Z" OperationName="POST /{type}/_validate/{id}" PolicyAvailable="true" ServiceKey="uddi:2b80aba6-1b7e-11e5-8da9-fc0839371580" WsdlOperationName="POST___type___validate__id_"/><Operation InterfaceName="{http://fhirtest.uhn.ca/baseDstu2}FHIR_PortType" ManagementState="Enabled" NumOfVirtualizedOperations="1" OperationKey="2bb01f34-1b7e-11e5-8da9-fc0839371580" OperationLastUpdatedAt="2015-06-25T21:07:21Z" OperationName="POST /{type}/{id}/_history/{vid}/_tags" PolicyAvailable="true" ServiceKey="uddi:2b80aba6-1b7e-11e5-8da9-fc0839371580" WsdlOperationName="POST___type___id___history__vid___tags"/><Operation InterfaceName="{http://fhirtest.uhn.ca/baseDstu2}FHIR_PortType" ManagementState="Enabled" NumOfVirtualizedOperations="1" OperationKey="2bb06d57-1b7e-11e5-8da9-fc0839371580" OperationLastUpdatedAt="2015-06-25T21:07:21Z" OperationName="POST /{type}/{id}/_history/{vid}/_tags/_delete" PolicyAvailable="true" ServiceKey="uddi:2b80aba6-1b7e-11e5-8da9-fc0839371580" WsdlOperationName="POST___type___id___history__vid___tags__delete"/><Operation InterfaceName="{http://fhirtest.uhn.ca/baseDstu2}FHIR_PortType" ManagementState="Enabled" NumOfVirtualizedOperations="1" OperationKey="2bae9888-1b7e-11e5-8da9-fc0839371580" OperationLastUpdatedAt="2015-06-25T21:07:21Z" OperationName="POST /{type}/{id}/_tags" PolicyAvailable="true" ServiceKey="uddi:2b80aba6-1b7e-11e5-8da9-fc0839371580" WsdlOperationName="POST___type___id___tags"/><Operation InterfaceName="{http://fhirtest.uhn.ca/baseDstu2}FHIR_PortType" ManagementState="Enabled" NumOfVirtualizedOperations="1" OperationKey="2baee6ab-1b7e-11e5-8da9-fc0839371580" OperationLastUpdatedAt="2015-06-25T21:07:21Z" OperationName="POST /{type}/{id}/_tags/_delete" PolicyAvailable="true" ServiceKey="uddi:2b80aba6-1b7e-11e5-8da9-fc0839371580" WsdlOperationName="POST___type___id___tags__delete"/><Operation InterfaceName="{http://fhirtest.uhn.ca/baseDstu2}FHIR_PortType" ManagementState="Enabled" NumOfVirtualizedOperations="1" OperationKey="2badfc43-1b7e-11e5-8da9-fc0839371580" OperationLastUpdatedAt="2015-06-25T21:07:21Z" OperationName="PUT /{type}/{id}" PolicyAvailable="true" ServiceKey="uddi:2b80aba6-1b7e-11e5-8da9-fc0839371580" WsdlOperationName="PUT___type___id_"/></Operations></PhysicalService><ns4:businessService businessKey="uddi:f8b4fe08-1b76-11e5-bfef-8d47dc53c00f" serviceKey="uddi:2b80aba6-1b7e-11e5-8da9-fc0839371580"><ns4:name>FHIR</ns4:name><ns4:bindingTemplates><ns4:bindingTemplate bindingKey="uddi:2bc33234-1b7e-11e5-8da9-fc0839371580" serviceKey="uddi:2b80aba6-1b7e-11e5-8da9-fc0839371580"><ns4:accessPoint useType="endPoint">http://fhirtest.uhn.ca/baseDstu2</ns4:accessPoint><ns4:tModelInstanceDetails><ns4:tModelInstanceInfo tModelKey="uddi:6bcfc2b3-958b-fd27-dbfe-68bf1fced180"><ns4:description>The wsdl:binding that this wsdl:port implements. The instanceParms specifies the port local name.</ns4:description><ns4:instanceDetails><ns4:instanceParms>FHIR_port</ns4:instanceParms></ns4:instanceDetails></ns4:tModelInstanceInfo><ns4:tModelInstanceInfo tModelKey="uddi:527071e3-2e9f-b8b4-ed6f-447b781e714e"><ns4:description>The wsdl:portType that this wsdl:port implements.</ns4:description></ns4:tModelInstanceInfo></ns4:tModelInstanceDetails><ns4:categoryBag><ns4:keyedReference keyName="WSDL type" keyValue="port" tModelKey="uddi:uddi.org:wsdl:types"/></ns4:categoryBag></ns4:bindingTemplate></ns4:bindingTemplates><ns4:categoryBag><ns4:keyedReference keyName="Design" keyValue="Design" tModelKey="uddi:soa.com:servicelifecyclestage"/><ns4:keyedReference keyName="1.0" keyValue="e3e5c520-9d4f-4221-b6a2-32e689cecaab" tModelKey="uddi:soa.com:serviceversion"/><ns4:keyedReference keyName="WSDL type" keyValue="service" tModelKey="uddi:uddi.org:wsdl:types"/><ns4:keyedReference keyName="service local name" keyValue="FHIR" tModelKey="uddi:uddi.org:xml:localname"/><ns4:keyedReference keyName="service namespace" keyValue="http://fhirtest.uhn.ca/baseDstu2" tModelKey="uddi:uddi.org:xml:namespace"/><ns4:keyedReferenceGroup tModelKey="uddi:soa.com:service:group"/></ns4:categoryBag></ns4:businessService><ns8:ExportServiceEndpoint><ns7:ServiceEndpoint><ns7:ServiceKey>uddi:2b80aba6-1b7e-11e5-8da9-fc0839371580</ns7:ServiceKey><ns7:Name>uddi:2bc33234-1b7e-11e5-8da9-fc0839371580</ns7:Name><ns7:Url>http://fhirtest.uhn.ca/baseDstu2</ns7:Url><ns7:BindingQName>{http://fhirtest.uhn.ca/baseDstu2}FHIR_Binding</ns7:BindingQName><ns7:PortName>FHIR_port</ns7:PortName><ns7:Protocol>http</ns7:Protocol></ns7:ServiceEndpoint><ns8:EndpointWsdlUri>wsdls/uddi_2bc33234-1b7e-11e5-8da9-fc0839371580.wsdl</ns8:EndpointWsdlUri></ns8:ExportServiceEndpoint></ns8:ExportService></ns8:ExportObjectConfiguration><ns8:ExportObjectConfiguration><ns2:ContractKey><ns2:Key>3afbaec4-1b7e-11e5-8da9-fc0839371580</ns2:Key></ns2:ContractKey><ns8:ExportContract><ns11:Contract><ns11:ContractInfo Anonymous="true" Key="3afbaec4-1b7e-11e5-8da9-fc0839371580:1042" Name="Anonymous" State="Active"><ns11:Description></ns11:Description><ns11:ProviderOrganizationKey>uddi:f8b4fe08-1b76-11e5-bfef-8d47dc53c00f</ns11:ProviderOrganizationKey><ns2:EffectiveDateTimes><ns2:StartDateTime><ns2:DateTime>2015-06-25T16:07:00-05:00</ns2:DateTime><ns2:TimezoneName>America/Chicago</ns2:TimezoneName></ns2:StartDateTime><ns2:EndDateTime><ns2:DateTime>2016-06-24T16:07:00-05:00</ns2:DateTime><ns2:TimezoneName>America/Chicago</ns2:TimezoneName></ns2:EndDateTime><ns2:Expire>false</ns2:Expire></ns2:EffectiveDateTimes><ns11:ContractVersionInfo><ns11:LastModifiedTimestamp>2015-06-25-05:00</ns11:LastModifiedTimestamp><ns11:User>Local Domain\admin</ns11:User><ns11:MetadataVersion>1</ns11:MetadataVersion><ns11:ActiveMetadataVersion>1</ns11:ActiveMetadataVersion></ns11:ContractVersionInfo><ns11:ContractType>service.contract</ns11:ContractType></ns11:ContractInfo><ns11:ContractScope><ns2:ServiceKey>uddi:2bc79f05-1b7e-11e5-8da9-fc0839371580</ns2:ServiceKey></ns11:ContractScope></ns11:Contract></ns8:ExportContract></ns8:ExportObjectConfiguration><ns8:ExportObjectConfiguration><ns2:IdentityKey><ns2:Key>Local Domain\BHTc4Kz0O4+sZeHLYpYylA==</ns2:Key><ns2:DomainName>Local Domain</ns2:DomainName><ns2:UserName>BHTc4Kz0O4+sZeHLYpYylA==</ns2:UserName></ns2:IdentityKey><ns8:ExportUserIdentity><ns15:User DomainName="Local Domain" UserName="BHTc4Kz0O4+sZeHLYpYylA=="><ns15:FullName>Service: uddi:2bc79f05-1b7e-11e5-8da9-fc0839371580</ns15:FullName><ns15:IdentityKey>urn:uuid:2bc8b076-1b7e-11e5-8da9-fc0839371580</ns15:IdentityKey><ns15:Password>RTRt/zcPOxTU5Qve+HaPZ1xLvYz0hQDZBrrI3KIIbNBPA6718EOXZKRZ9jp4h2IoQ2Zy6gccqWfVct6VNN1MFA==</ns15:Password><ns15:Disabled>false</ns15:Disabled><ns15:ForcePwdResetOnNextLogin>false</ns15:ForcePwdResetOnNextLogin><ns15:Expired>false</ns15:Expired><ns15:ReadOnly>true</ns15:ReadOnly><ns15:PasswordFrmSeed>0</ns15:PasswordFrmSeed><ns15:OrganizationKey>uddi:soa.com:registryorganization</ns15:OrganizationKey><ns15:PasswordSalt>oVWUGF8jmUmI+40KPB74u1Uwvxb3b3CHzTGMMp7DvwhdJdwVKkqsEggaT0WUhk0fj0V/X8XViSLAohxtwNyU8g==</ns15:PasswordSalt></ns15:User><ns8:PKIGenerated>true</ns8:PKIGenerated></ns8:ExportUserIdentity></ns8:ExportObjectConfiguration><ns8:ExportObjectConfiguration><ns2:IdentityKey><ns2:Key>Local Domain\#MtlHknZGQopRNTtKkIupw==</ns2:Key><ns2:DomainName>Local Domain</ns2:DomainName><ns2:UserName>#MtlHknZGQopRNTtKkIupw==</ns2:UserName></ns2:IdentityKey><ns8:ExportUserIdentity><ns15:User DomainName="Local Domain" UserName="#MtlHknZGQopRNTtKkIupw=="><ns15:FullName>Service: uddi:2b80aba6-1b7e-11e5-8da9-fc0839371580</ns15:FullName><ns15:IdentityKey>urn:uuid:2b8343b7-1b7e-11e5-8da9-fc0839371580</ns15:IdentityKey><ns15:Password>TZ7gF5ws+pVmOyhUC9k8QaBjf3vV6oeb5zclUsrtWiANsa/7OIh/0mC5q8I2hb5K48TLLZIWtvDEiOGww16b9w==</ns15:Password><ns15:Disabled>false</ns15:Disabled><ns15:ForcePwdResetOnNextLogin>false</ns15:ForcePwdResetOnNextLogin><ns15:Expired>false</ns15:Expired><ns15:ReadOnly>true</ns15:ReadOnly><ns15:PasswordFrmSeed>0</ns15:PasswordFrmSeed><ns15:OrganizationKey>uddi:soa.com:registryorganization</ns15:OrganizationKey><ns15:PasswordSalt>jr0jfblLMFsRP16JB52mi5Xa1UReMQbzw5F9pT4jw2i5LRSb67ig2o0qTtXQ1QwvyP0LVzyniwRAYtiZ1on/tQ==</ns15:PasswordSalt></ns15:User><ns8:PKIGenerated>true</ns8:PKIGenerated></ns8:ExportUserIdentity></ns8:ExportObjectConfiguration></ns8:ExportConfiguration>