<?xml version="1.0" encoding="UTF-8"?>
<process name="GET___type___tags" ns2:processKey="bpel:2bfd7c66-1b7e-11e5-8da9-fc0839371580" targetNamespace="http://fhirtest.uhn.ca/baseDstu2" xmlns="http://schemas.xmlsoap.org/ws/2003/03/business-process/" xmlns:ns10="http://soa.com/capabilities/service/virtualization/bpel/activity" xmlns:ns2="http://soa.com/bpel/ext" xmlns:ns3="http://soa.com/capabilities/service/virtualization/bpel" xmlns:ns4="http://schemas.xmlsoap.org/ws/2004/09/mex" xmlns:ns5="http://schemas.xmlsoap.org/ws/2006/02/addressingidentity" xmlns:ns6="http://www.w3.org/2000/09/xmldsig#" xmlns:ns7="http://docs.oasis-open.org/wss/2004/01/oasis-200401-wss-wssecurity-secext-1.0.xsd" xmlns:ns8="http://docs.oasis-open.org/wss/2004/01/oasis-200401-wss-wssecurity-utility-1.0.xsd" xmlns:ns9="http://schemas.xmlsoap.org/ws/2003/05/partner-link/"><ns9:partnerLinkType name="FHIR_PortTypeProvider"><ns9:role name="Provider"><ns9:portType name="ns11:FHIR_PortType" xmlns:ns11="http://fhirtest.uhn.ca/baseDstu2"/></ns9:role></ns9:partnerLinkType><ns9:partnerLinkType name="FHIR_PortTypeConsumer"><ns9:role name="Consumer"><ns9:portType name="ns11:FHIR_PortType" xmlns:ns11="http://fhirtest.uhn.ca/baseDstu2"/></ns9:role></ns9:partnerLinkType><partnerLinks><partnerLink myRole="Provider" name="initial" partnerLinkType="ns11:FHIR_PortTypeProvider" xmlns:ns11="http://fhirtest.uhn.ca/baseDstu2"/><partnerLink myRole="Consumer" name="nextHop" partnerLinkType="ns11:FHIR_PortTypeConsumer" xmlns:ns11="http://fhirtest.uhn.ca/baseDstu2"/></partnerLinks><variables><variable messageType="ns11:ActivityMessage" name="message" xmlns:ns11="http://soa.com/process/activity"/><variable messageType="ns11:ActivityMessage" name="fault" xmlns:ns11="http://soa.com/process/activity"/></variables><faultHandlers><catchAll><sequence><reply faultName="ns2:ExistingFault" name="FaultReply" operation="GET___type___tags" partnerLink="initial" portType="ns11:FHIR_PortType" variable="fault" xmlns:ns11="http://fhirtest.uhn.ca/baseDstu2"/></sequence></catchAll></faultHandlers><sequence><receive createInstance="yes" name="Receive" operation="GET___type___tags" partnerLink="initial" portType="ns11:FHIR_PortType" variable="message" xmlns:ns11="http://fhirtest.uhn.ca/baseDstu2"/><invoke inputVariable="message" name="Invoke" operation="GET___type___tags" outputVariable="message" partnerLink="nextHop" portType="ns11:FHIR_PortType" xmlns:ns11="http://fhirtest.uhn.ca/baseDstu2"><ns2:InvocationExt service="ns11:FHIR"/></invoke><reply name="Reply" operation="GET___type___tags" partnerLink="initial" portType="ns11:FHIR_PortType" variable="message" xmlns:ns11="http://fhirtest.uhn.ca/baseDstu2"/></sequence></process>